{
    "cirrus-cpu-measured": {
        "nJobStart": 45814,
        "minLoad": "0",
        "maxLoad": "12924",
        "medianLoad": "8254",
        "meanLoad": "8378",
        "usageIncluded": 5711012.314444444,
        "usageExcluded": 2337663.8413888887,
        "usageFraction": 0.632398337501821,
        "residualWork": 488652.93888888886,
        "minWait": 0.0,
        "medianWait": 1.0,
        "maxWait": 1263925.0,
        "meanWait": 3838.3228925655912,
        "minTurnaroundTime": 1.0,
        "medianTurnaroundTime": 94.0,
        "maxTurnaroundTime": 1683839.0,
        "meanTurnaroundTime": 23013.62162221155
    },
    "cirrus-cpu-R": {
        "nJobStart": 40375,
        "minLoad": "756",
        "maxLoad": "12745",
        "medianLoad": "9112",
        "meanLoad": "8760",
        "usageIncluded": 5596931.424722223,
        "usageExcluded": 2451704.79,
        "usageFraction": 0.6612631645465763,
        "residualWork": 2380035.9819444446,
        "minWait": -3.8805e-13,
        "medianWait": 0.0,
        "maxWait": 27.016944444444444,
        "meanWait": 2.138416566907465,
        "minTurnaroundTime": 0.0002777777777777778,
        "medianTurnaroundTime": 0.2722222222222222,
        "maxTurnaroundTime": 246.8736111111111,
        "meanTurnaroundTime": 8.315594097007224
    },
    "cirrus-cpu-M": {
        "nJobStart": 40375,
        "minLoad": "756",
        "maxLoad": "12745",
        "medianLoad": "9776",
        "meanLoad": "8855",
        "usageIncluded": 5657778.0975,
        "usageExcluded": 2390895.5283333333,
        "usageFraction": 0.668452043655482,
        "residualWork": 2293866.2758333334,
        "minWait": -1.0348027777777779e-12,
        "medianWait": 0.08666666666666667,
        "maxWait": 32.74666666666667,
        "meanWait": 4.488420570746061,
        "minTurnaroundTime": 0.0001388888888888889,
        "medianTurnaroundTime": 0.6329166666666667,
        "maxTurnaroundTime": 220.57444444444445,
        "meanTurnaroundTime": 7.889905727230271
    },
    "cirrus-cpu-M_archer2-R-10pc": {
        "nJobStart": 41528,
        "minLoad": "1136",
        "maxLoad": "12745",
        "medianLoad": "11310",
        "meanLoad": "9590",
        "usageIncluded": 6127084.781111111,
        "usageExcluded": 2722928.9044444445,
        "usageFraction": 0.7238994306605755,
        "residualWork": 2521112.1575,
        "minWait": -5.174027777777778e-13,
        "medianWait": 2.7173791666666665,
        "maxWait": 34.1325,
        "meanWait": 6.188365763601084,
        "minTurnaroundTime": 0.0001388888888888889,
        "medianTurnaroundTime": 4.722416666666667,
        "maxTurnaroundTime": 207.4177777777778,
        "meanTurnaroundTime": 9.642332383044796
    },
    "cirrus-cpu-M_archer2-R-20pc": {
        "nJobStart": 42667,
        "minLoad": "1418",
        "maxLoad": "12745",
        "medianLoad": "12631",
        "meanLoad": "10351",
        "usageIncluded": 6613228.694166667,
        "usageExcluded": 3035453.7,
        "usageFraction": 0.7813360933561752,
        "residualWork": 2730954.0125,
        "minWait": -2.587008333333333e-13,
        "medianWait": 4.762361111111111,
        "maxWait": 38.5825,
        "meanWait": 7.474843133807287,
        "minTurnaroundTime": 0.0001388888888888889,
        "medianTurnaroundTime": 6.691111111111111,
        "maxTurnaroundTime": 207.70111111111112,
        "meanTurnaroundTime": 10.920612596452372
    },
    "cirrus-cpu-M_archer2-R-30pc": {
        "nJobStart": 43928,
        "minLoad": "2554",
        "maxLoad": "12745",
        "medianLoad": "12683",
        "meanLoad": "11061",
        "usageIncluded": 7067123.059722222,
        "usageExcluded": 3382202.8133333335,
        "usageFraction": 0.8349625543150073,
        "residualWork": 2990839.2719444446,
        "minWait": -1.2935027777777777e-13,
        "medianWait": 7.852416666666667,
        "maxWait": 36.46666666666667,
        "meanWait": 9.578754409365578,
        "minTurnaroundTime": 0.0001388888888888889,
        "medianTurnaroundTime": 10.611625,
        "maxTurnaroundTime": 214.52388888888888,
        "meanTurnaroundTime": 13.047635431302991
    },
    "cirrus-cpu-M_archer2-R-40pc": {
        "nJobStart": 44540,
        "minLoad": "3130",
        "maxLoad": "12745",
        "medianLoad": "12715",
        "meanLoad": "11757",
        "usageIncluded": 7511564.613333333,
        "usageExcluded": 3737238.723333333,
        "usageFraction": 0.8874721896660366,
        "residualWork": 3247945.865277778,
        "minWait": -5.174027777777778e-13,
        "medianWait": 12.275,
        "maxWait": 44.14805555555556,
        "meanWait": 12.99230482711882,
        "minTurnaroundTime": 0.0001388888888888889,
        "medianTurnaroundTime": 15.482708333333333,
        "maxTurnaroundTime": 216.27416666666667,
        "meanTurnaroundTime": 16.58392571603677
    },
    "cirrus-cpu-M_archer2-R-50pc": {
        "nJobStart": 44594,
        "minLoad": "3274",
        "maxLoad": "12745",
        "medianLoad": "12728",
        "meanLoad": "12288",
        "usageIncluded": 7851022.524166667,
        "usageExcluded": 4198265.804444444,
        "usageFraction": 0.92757827553954,
        "residualWork": 3604726.633611111,
        "minWait": -2.587008333333333e-13,
        "medianWait": 23.394125000000003,
        "maxWait": 61.728611111111114,
        "meanWait": 25.05771533426271,
        "minTurnaroundTime": 0.0001388888888888889,
        "medianTurnaroundTime": 26.919083333333333,
        "maxTurnaroundTime": 505.93055555555554,
        "meanTurnaroundTime": 28.72369002913944
    },
    "cirrus-cpu-M_archer2-R-60pc": {
        "nJobStart": 43093,
        "minLoad": "3994",
        "maxLoad": "12745",
        "medianLoad": "12729",
        "meanLoad": "12474",
        "usageIncluded": 7969524.7144444445,
        "usageExcluded": 4885455.556666667,
        "usageFraction": 0.9415790069050619,
        "residualWork": 4194807.621388889,
        "minWait": -3.23375e-14,
        "medianWait": 49.937777777777775,
        "maxWait": 83.81916666666666,
        "meanWait": 46.52392811090741,
        "minTurnaroundTime": 0.08444444444444445,
        "medianTurnaroundTime": 51.85194444444444,
        "maxTurnaroundTime": 505.43611111111113,
        "meanTurnaroundTime": 50.2331248172557
    },
    "cirrus-cpu-M_archer2-R-70pc": {
        "nJobStart": 39922,
        "minLoad": "5866",
        "maxLoad": "12745",
        "medianLoad": "12719",
        "meanLoad": "12538",
        "usageIncluded": 8010808.707777778,
        "usageExcluded": 5640605.569444444,
        "usageFraction": 0.9464566053612686,
        "residualWork": 4847853.868055556,
        "minWait": 0.0,
        "medianWait": 67.25708333333333,
        "maxWait": 103.5663888888889,
        "meanWait": 62.915641887096506,
        "minTurnaroundTime": 0.08444444444444445,
        "medianTurnaroundTime": 69.03097222222222,
        "maxTurnaroundTime": 429.7638888888889,
        "meanTurnaroundTime": 66.65912792306108
    },
    "cirrus-cpu-M_archer2-R-80pc": {
        "nJobStart": 38489,
        "minLoad": "6586",
        "maxLoad": "12745",
        "medianLoad": "12715",
        "meanLoad": "12577",
        "usageIncluded": 8035529.745277777,
        "usageExcluded": 6414815.462222222,
        "usageFraction": 0.9493773328541798,
        "residualWork": 5503998.696111111,
        "minWait": -3.23375e-14,
        "medianWait": 84.88361111111111,
        "maxWait": 124.66083333333333,
        "meanWait": 80.62081383353397,
        "minTurnaroundTime": 0.08666666666666667,
        "medianTurnaroundTime": 85.74138888888889,
        "maxTurnaroundTime": 282.59722222222223,
        "meanTurnaroundTime": 84.4618778402776
    },
    "cirrus-cpu-M_archer2-R-90pc": {
        "nJobStart": 38886,
        "minLoad": "7090",
        "maxLoad": "12745",
        "medianLoad": "12713",
        "meanLoad": "12644",
        "usageIncluded": 8078697.695555556,
        "usageExcluded": 7170630.393333334,