{
    "Measured": {
        "nJobStart": 45814,
        "minLoad": "0",
        "maxLoad": "12924",
        "medianLoad": "8254",
        "meanLoad": "8378",
        "usageIncluded": 5711012.314444444,
        "usageExcluded": 2337663.8413888887,
        "usageFraction": 0.632398337501821,
        "residualWork": 488652.93888888886,
        "minWait": 0.0,
        "medianWait": 1.0,
        "maxWait": 1263925.0,
        "meanWait": 3838.3228925655912,
        "minTurnaroundTime": 1.0,
        "medianTurnaroundTime": 94.0,
        "maxTurnaroundTime": 1683839.0,
        "meanTurnaroundTime": 23013.62162221155
    },
    "Cirrus (Rigid: R)": {
        "nJobStart": 44338,
        "minLoad": "0",
        "maxLoad": "13248",
        "medianLoad": "7807",
        "meanLoad": "8199",
        "usageIncluded": 5589178.099444444,
        "usageExcluded": 2459447.9408333334,
        "usageFraction": 0.6189072520734166,
        "residualWork": 442682.47833333333,
        "minWait": -9.31323e-10,
        "medianWait": 0.0,
        "maxWait": 84390.0,
        "meanWait": 1811.6321665388596,
        "minTurnaroundTime": 1.0,
        "medianTurnaroundTime": 91.0,
        "maxTurnaroundTime": 1039130.0,
        "meanTurnaroundTime": 21289.657990888176
    },
    "Cirrus (Moldable: M)": {
        "nJobStart": 45790,
        "minLoad": "756",
        "maxLoad": "13248",
        "medianLoad": "8457",
        "meanLoad": "8368",
        "usageIncluded": 5704728.236388889,
        "usageExcluded": 2343775.413611111,
        "usageFraction": 0.631702481794241,
        "residualWork": 313543.19138888887,
        "minWait": -2.79397e-09,
        "medianWait": 0.0,
        "maxWait": 104920.0,
        "meanWait": 7663.574619680715,
        "minTurnaroundTime": 0.5,
        "medianTurnaroundTime": 250.0,
        "maxTurnaroundTime": 778686.0,
        "meanTurnaroundTime": 17690.759828995415
    },
    "Cirrus (M) + 10% ARCHER2 (R)": {
        "nJobStart": 45458,
        "minLoad": "770",
        "maxLoad": "13248",
        "medianLoad": "9648",
        "meanLoad": "9091",
        "usageIncluded": 6197697.8675,
        "usageExcluded": 2652176.896111111,
        "usageFraction": 0.6862905579510825,
        "residualWork": 384578.95194444444,
        "minWait": -1.39698e-09,
        "medianWait": 0.0,
        "maxWait": 109902.0,
        "meanWait": 9428.648531936513,
        "minTurnaroundTime": 0.5,
        "medianTurnaroundTime": 1605.0,
        "maxTurnaroundTime": 694066.0,
        "meanTurnaroundTime": 19852.799587717014
    },
    "Cirrus (M) + 20% ARCHER2 (R)": {
        "nJobStart": 46278,
        "minLoad": "1618",
        "maxLoad": "13248",
        "medianLoad": "10915",
        "meanLoad": "9711",
        "usageIncluded": 6620128.58,
        "usageExcluded": 3028369.831111111,
        "usageFraction": 0.7330676380177882,
        "residualWork": 449904.3727777778,
        "minWait": -2.32831e-09,
        "medianWait": 14.0,
        "maxWait": 120181.0,
        "meanWait": 12242.663301160595,
        "minTurnaroundTime": 0.5,
        "medianTurnaroundTime": 3529.0,
        "maxTurnaroundTime": 693834.0,
        "meanTurnaroundTime": 22914.169725650416
    },
    "Cirrus (M) + 30% ARCHER2 (R)": {
        "nJobStart": 49164,
        "minLoad": "1750",
        "maxLoad": "13248",
        "medianLoad": "12529",
        "meanLoad": "10455",
        "usageIncluded": 7127215.551388889,
        "usageExcluded": 3321905.8802777776,
        "usageFraction": 0.78921897162008,
        "residualWork": 505707.4763888889,
        "minWait": -9.31323e-10,
        "medianWait": 5855.09,
        "maxWait": 131341.0,
        "meanWait": 19673.7521802152,
        "minTurnaroundTime": 0.5,
        "medianTurnaroundTime": 10119.5,
        "maxTurnaroundTime": 719138.0,
        "meanTurnaroundTime": 30062.934925228827
    },
    "Cirrus (M) + 40% ARCHER2 (R)": {
        "nJobStart": 50401,
        "minLoad": "2220",
        "maxLoad": "13248",
        "medianLoad": "13145",
        "meanLoad": "11083",
        "usageIncluded": 7555471.354166667,
        "usageExcluded": 3693099.968611111,
        "usageFraction": 0.8366410822355987,
        "residualWork": 598724.4069444444,
        "minWait": -9.31323e-10,
        "medianWait": 12980.5,
        "maxWait": 133310.0,
        "meanWait": 23503.632105097782,
        "minTurnaroundTime": 0.5,
        "medianTurnaroundTime": 17961.6,
        "maxTurnaroundTime": 738195.0,
        "meanTurnaroundTime": 34180.82810861888
    },
    "Cirrus (M) + 50% ARCHER2 (R)": {
        "nJobStart": 51701,
        "minLoad": "4256",
        "maxLoad": "13248",
        "medianLoad": "13177",
        "meanLoad": "11844",
        "usageIncluded": 8074302.9725,
        "usageExcluded": 3974708.3775,
        "usageFraction": 0.8940929374955707,
        "residualWork": 662250.8413888889,
        "minWait": -4.65661e-10,
        "medianWait": 31963.0,
        "maxWait": 180662.0,
        "meanWait": 41568.55165381733,
        "minTurnaroundTime": 0.5,
        "medianTurnaroundTime": 37873.8,
        "maxTurnaroundTime": 803195.0,
        "meanTurnaroundTime": 52561.33395604147
    },
    "Cirrus (M) + 60% ARCHER2 (R)": {
        "nJobStart": 54357,
        "minLoad": "5269",
        "maxLoad": "13248",
        "medianLoad": "13217",
        "meanLoad": "12688",
        "usageIncluded": 8649316.149166666,
        "usageExcluded": 4205363.791944444,
        "usageFraction": 0.9577659532314884,
        "residualWork": 759830.5952777778,
        "minWait": -9.31323e-10,
        "medianWait": 93965.3,
        "maxWait": 255007.0,
        "meanWait": 89374.27647510443,
        "minTurnaroundTime": 0.5,
        "medianTurnaroundTime": 98227.0,
        "maxTurnaroundTime": 860928.0,
        "meanTurnaroundTime": 100079.05825269423
    },
    "Cirrus (M) + 70% ARCHER2 (R)": {
        "nJobStart": 57476,
        "minLoad": "12559",
        "maxLoad": "13248",
        "medianLoad": "13231",
        "meanLoad": "13203",
        "usageIncluded": 9000352.657777777,
        "usageExcluded": 4650767.228888889,
        "usageFraction": 0.9966373287819551,
        "residualWork": 1061109.9755555557,
        "minWait": 18864.2,
        "medianWait": 198395.0,
        "maxWait": 325363.0,
        "meanWait": 174587.97697125754,
        "minTurnaroundTime": 19132.5,
        "medianTurnaroundTime": 200337.0,
        "maxTurnaroundTime": 1570240.0,
        "meanTurnaroundTime": 185133.45350407128
    },
    "Cirrus (M) + 80% ARCHER2 (R)": {
        "nJobStart": 56118,
        "minLoad": "12557",
        "maxLoad": "13248",
        "medianLoad": "13227",
        "meanLoad": "13205",
        "usageIncluded": 9001574.735555556,
        "usageExcluded": 5448460.216666667,
        "usageFraction": 0.9967726532940403,
        "residualWork": 1713561.4477777777,
        "minWait": 173445.0,
        "medianWait": 274954.0,
        "maxWait": 395642.0,
        "meanWait": 276419.2004882569,
        "minTurnaroundTime": 173458.0,
        "medianTurnaroundTime": 279125.0,
        "maxTurnaroundTime": 2020590.0,
        "meanTurnaroundTime": 287458.2716240778
    },
    "Cirrus (M) + 90% ARCHER2 (R)": {
        "nJobStart": 55885,
        "minLoad": "12558",
        "maxLoad": "13248",
        "medianLoad": "13225",
        "meanLoad": "13202",
        "usageIncluded": 8999644.286944445,
        "usageExcluded": 6249367.251944444,
        "usageFraction": 0.9965588886538885,
        "residualWork": 2387518.4019444445,
        "minWait": 207398.0,
        "medianWait": 383813.0,
        "maxWait": 494127.0,
        "meanWait": 378399.9719065939,
        "minTurnaroundTime": 208325.0,
        "medianTurnaroundTime": 387945.0,
        "maxTurnaroundTime": 1260650.0,
        "meanTurnaroundTime": 388861.6883063434
    },
    "Cirrus (M) + 100% ARCHER2 (R)": {
        "nJobStart": 54457,
        "minLoad": "12745",
        "maxLoad": "13248",
        "medianLoad": "13223",
        "meanLoad": "13202",