{
    "Measured": {
        "nJobStart": 45814,
        "minLoad": "0",
        "maxLoad": "12924",
        "medianLoad": "8254",
        "meanLoad": "8378",
        "usageIncluded": 5711012.314444444,
        "usageExcluded": 2337663.8413888887,
        "usageFraction": 0.632398337501821,
        "residualWork": 488652.93888888886,
        "minWait": 0.0,
        "medianWait": 1.0,
        "maxWait": 1263925.0,
        "meanWait": 3838.3228925655912,
        "minTurnaroundTime": 1.0,
        "medianTurnaroundTime": 94.0,
        "maxTurnaroundTime": 1683839.0,
        "meanTurnaroundTime": 23013.62162221155
    },
    "Cirrus (Rigid: R)": {
        "nJobStart": 40375,
        "minLoad": "756",
        "maxLoad": "13248",
        "medianLoad": "8928",
        "meanLoad": "8761",
        "usageIncluded": 5597553.145555556,
        "usageExcluded": 2451071.526111111,
        "usageFraction": 0.6613366192764125,
        "residualWork": 2379402.7580555556,
        "minWait": -2.9103888888888886e-13,
        "medianWait": 0.0,
        "maxWait": 23.441666666666666,
        "meanWait": 1.632395982112143,
        "minTurnaroundTime": 0.0002777777777777778,
        "medianTurnaroundTime": 0.10277777777777777,
        "maxTurnaroundTime": 246.8736111111111,
        "meanTurnaroundTime": 7.8095735122119025
    },
    "Cirrus (Moldable: M)": {
        "nJobStart": 40375,
        "minLoad": "756",
        "maxLoad": "13248",
        "medianLoad": "9550",
        "meanLoad": "8874",
        "usageIncluded": 5670106.3811111115,
        "usageExcluded": 2378396.381111111,
        "usageFraction": 0.6699085989025415,
        "residualWork": 2281367.154166667,
        "minWait": -7.761027777777778e-13,
        "medianWait": 0.005138888888888889,
        "maxWait": 29.144444444444446,
        "meanWait": 4.000932612766976,
        "minTurnaroundTime": 0.0001388888888888889,
        "medianTurnaroundTime": 0.5377777777777778,
        "maxTurnaroundTime": 216.30166666666668,
        "meanTurnaroundTime": 7.386906434187136
    },
    "Cirrus (M) + 10% ARCHER2 (R)": {
        "nJobStart": 41528,
        "minLoad": "770",
        "maxLoad": "13248",
        "medianLoad": "10631",
        "meanLoad": "9610",
        "usageIncluded": 6140301.177222222,
        "usageExcluded": 2709572.407222222,
        "usageFraction": 0.7254609141330602,
        "residualWork": 2507756.111666667,
        "minWait": -1.2935027777777777e-13,
        "medianWait": 0.6344083333333334,
        "maxWait": 30.528333333333332,
        "meanWait": 4.592388249914182,
        "minTurnaroundTime": 0.0001388888888888889,
        "medianTurnaroundTime": 1.5329861111111112,
        "maxTurnaroundTime": 204.2711111111111,
        "meanTurnaroundTime": 7.973962887455518
    },
    "Cirrus (M) + 20% ARCHER2 (R)": {
        "nJobStart": 42667,
        "minLoad": "1776",
        "maxLoad": "13248",
        "medianLoad": "12599",
        "meanLoad": "10362",
        "usageIncluded": 6620546.3047222225,
        "usageExcluded": 3027951.533333333,
        "usageFraction": 0.7822006503688825,
        "residualWork": 2723451.826388889,
        "minWait": -6.467527777777778e-13,
        "medianWait": 2.3561694444444443,
        "maxWait": 33.38361111111111,
        "meanWait": 5.769355679834598,
        "minTurnaroundTime": 0.0001388888888888889,
        "medianTurnaroundTime": 3.6594444444444445,
        "maxTurnaroundTime": 192.73166666666665,
        "meanTurnaroundTime": 9.201285381954373
    },
    "Cirrus (M) + 30% ARCHER2 (R)": {
        "nJobStart": 43928,
        "minLoad": "1988",
        "maxLoad": "13248",
        "medianLoad": "13159",
        "meanLoad": "11065",
        "usageIncluded": 7069823.873333333,
        "usageExcluded": 3379297.4994444447,
        "usageFraction": 0.8352816485507246,
        "residualWork": 2987933.668611111,
        "minWait": -2.587008333333333e-13,
        "medianWait": 6.811652777777778,
        "maxWait": 36.48361111111111,
        "meanWait": 7.901300640476437,
        "minTurnaroundTime": 0.0001388888888888889,
        "medianTurnaroundTime": 8.775527777777778,
        "maxTurnaroundTime": 199.76055555555556,
        "meanTurnaroundTime": 11.340324805557831
    },
    "Cirrus (M) + 40% ARCHER2 (R)": {
        "nJobStart": 45061,
        "minLoad": "3060",
        "maxLoad": "13248",
        "medianLoad": "13197",
        "meanLoad": "11821",
        "usageIncluded": 7552511.74,
        "usageExcluded": 3696059.578888889,
        "usageFraction": 0.8923099881852552,
        "residualWork": 3206766.5858333334,
        "minWait": -1.2935027777777777e-13,
        "medianWait": 9.005,
        "maxWait": 37.03055555555556,
        "meanWait": 9.65556652550555,
        "minTurnaroundTime": 0.0001388888888888889,
        "medianTurnaroundTime": 10.946055555555557,
        "maxTurnaroundTime": 205.05416666666667,
        "meanTurnaroundTime": 13.154081073322832
    },
    "Cirrus (M) + 50% ARCHER2 (R)": {
        "nJobStart": 45696,
        "minLoad": "3274",
        "maxLoad": "13248",
        "medianLoad": "13215",
        "meanLoad": "12485",
        "usageIncluded": 7976745.601111111,
        "usageExcluded": 4072265.7505555553,
        "usageFraction": 0.9424321362371351,
        "residualWork": 3478726.2925,
        "minWait": -1.2935027777777777e-13,
        "medianWait": 14.756652777777777,
        "maxWait": 50.18388888888889,
        "meanWait": 16.906868873181885,
        "minTurnaroundTime": 0.0001388888888888889,
        "medianTurnaroundTime": 18.112916666666667,
        "maxTurnaroundTime": 223.10972222222222,
        "meanTurnaroundTime": 20.47786643309407
    },
    "Cirrus (M) + 60% ARCHER2 (R)": {
        "nJobStart": 45577,
        "minLoad": "3994",
        "maxLoad": "13248",
        "medianLoad": "13233",
        "meanLoad": "12949",
        "usageIncluded": 8273160.198888889,
        "usageExcluded": 4581519.7561111115,
        "usageFraction": 0.9774527645190086,
        "residualWork": 3890871.706388889,
        "minWait": -1.6168805555555557e-14,
        "medianWait": 31.93111111111111,
        "maxWait": 70.83527777777778,
        "meanWait": 33.42017290056144,
        "minTurnaroundTime": 0.08444444444444445,
        "medianTurnaroundTime": 36.15833333333333,
        "maxTurnaroundTime": 239.14666666666668,
        "meanTurnaroundTime": 37.00333854545299
    },
    "Cirrus (M) + 70% ARCHER2 (R)": {
        "nJobStart": 42940,
        "minLoad": "5866",
        "maxLoad": "13248",
        "medianLoad": "13217",
        "meanLoad": "13012",
        "usageIncluded": 8313757.531111111,
        "usageExcluded": 5337362.355555556,
        "usageFraction": 0.9822492357172863,
        "residualWork": 4544605.7144444445,
        "minWait": 0.0,
        "medianWait": 55.464444444444446,
        "maxWait": 90.37861111111111,
        "meanWait": 51.98400989235626,
        "minTurnaroundTime": 0.08444444444444445,
        "medianTurnaroundTime": 58.20569444444445,
        "maxTurnaroundTime": 245.76416666666665,
        "meanTurnaroundTime": 55.50121861318118
    },
    "Cirrus (M) + 80% ARCHER2 (R)": {
        "nJobStart": 39513,
        "minLoad": "6514",
        "maxLoad": "13248",
        "medianLoad": "13217",
        "meanLoad": "13055",
        "usageIncluded": 8341000.5875,
        "usageExcluded": 6109034.347222222,
        "usageFraction": 0.9854679333057655,
        "residualWork": 5197410.468055556,
        "minWait": 0.0,
        "medianWait": 72.09138888888889,
        "maxWait": 109.90055555555556,
        "meanWait": 68.38861308233295,
        "minTurnaroundTime": 0.08444444444444445,
        "medianTurnaroundTime": 74.97361111111111,
        "maxTurnaroundTime": 561.275,
        "meanTurnaroundTime": 72.22083278147558
    },
    "Cirrus (M) + 90% ARCHER2 (R)": {
        "nJobStart": 39415,
        "minLoad": "7090",
        "maxLoad": "13248",
        "medianLoad": "13215",
        "meanLoad": "13121",