{
    "cirrus-cpu-M_archer2-R-80pc": {
        "nJobStart": 38489,
        "minLoad": "6586",
        "maxLoad": "12745",
        "medianLoad": "12715",
        "meanLoad": "12577",
        "usageIncluded": 8035529.745277777,
        "usageExcluded": 6414815.462222222,
        "usageFraction": 0.9493773328541798,
        "residualWork": 5503998.696111111,
        "minWait": -3.23375e-14,
        "medianWait": 84.88361111111111,
        "maxWait": 124.66083333333333,
        "meanWait": 80.62081383353397,
        "minTurnaroundTime": 0.08666666666666667,
        "medianTurnaroundTime": 85.74138888888889,
        "maxTurnaroundTime": 282.59722222222223,
        "meanTurnaroundTime": 84.4618778402776
    }
}