{
    "cirrus-cpu-R": {
        "nJobStart": 40375,
        "minLoad": "756",
        "maxLoad": "12745",
        "medianLoad": "9112",
        "meanLoad": "8760",
        "usageIncluded": 5596931.424722223,
        "usageExcluded": 2451704.79,
        "usageFraction": 0.6612631645465763,
        "residualWork": 2380035.9819444446,
        "minWait": -3.8805e-13,
        "medianWait": 0.0,
        "maxWait": 27.016944444444444,
        "meanWait": 2.138416566907465,
        "minTurnaroundTime": 0.0002777777777777778,
        "medianTurnaroundTime": 0.2722222222222222,
        "maxTurnaroundTime": 246.8736111111111,
        "meanTurnaroundTime": 8.315594097007224
    }
}