{
    "cirrus-cpu-M_archer2-R-60pc": {
        "nJobStart": 43093,
        "minLoad": "3994",
        "maxLoad": "12745",
        "medianLoad": "12729",
        "meanLoad": "12474",
        "usageIncluded": 7969524.7144444445,
        "usageExcluded": 4885455.556666667,
        "usageFraction": 0.9415790069050619,
        "residualWork": 4194807.621388889,
        "minWait": -3.23375e-14,
        "medianWait": 49.937777777777775,
        "maxWait": 83.81916666666666,
        "meanWait": 46.52392811090741,
        "minTurnaroundTime": 0.08444444444444445,
        "medianTurnaroundTime": 51.85194444444444,
        "maxTurnaroundTime": 505.43611111111113,
        "meanTurnaroundTime": 50.2331248172557
    }
}