{
    "cirrus-cpu-M_archer2-R-100pc": {
        "nJobStart": 37951,
        "minLoad": "9433",
        "maxLoad": "12745",
        "medianLoad": "12711",
        "meanLoad": "12682",
        "usageIncluded": 8102753.061944445,
        "usageExcluded": 7946141.235,
        "usageFraction": 0.9573195961654589,
        "residualWork": 6902174.5175,
        "minWait": -3.23375e-14,
        "medianWait": 119.41527777777777,
        "maxWait": 173.92833333333334,
        "meanWait": 115.37029609525733,
        "minTurnaroundTime": 0.08888888888888889,
        "medianTurnaroundTime": 119.6438888888889,
        "maxTurnaroundTime": 342.23333333333335,
        "meanTurnaroundTime": 118.8474305939823
    }
}