{
    "cirrus-cpu-R": {
        "nJobStart": 40375,
        "minLoad": "756",
        "maxLoad": "13248",
        "medianLoad": "8928",
        "meanLoad": "8761",
        "usageIncluded": 5597553.145555556,
        "usageExcluded": 2451071.526111111,
        "usageFraction": 0.6613366192764125,
        "residualWork": 2379402.7580555556,
        "minWait": -2.9103888888888886e-13,
        "medianWait": 0.0,
        "maxWait": 23.441666666666666,
        "meanWait": 1.632395982112143,
        "minTurnaroundTime": 0.0002777777777777778,
        "medianTurnaroundTime": 0.10277777777777777,
        "maxTurnaroundTime": 246.8736111111111,
        "meanTurnaroundTime": 7.8095735122119025
    }
}