{
    "cirrus-cpu-M_archer2-R-20pc": {
        "nJobStart": 42667,
        "minLoad": "1418",
        "maxLoad": "12745",
        "medianLoad": "12631",
        "meanLoad": "10351",
        "usageIncluded": 6613228.694166667,
        "usageExcluded": 3035453.7,
        "usageFraction": 0.7813360933561752,
        "residualWork": 2730954.0125,
        "minWait": -2.587008333333333e-13,
        "medianWait": 4.762361111111111,
        "maxWait": 38.5825,
        "meanWait": 7.474843133807287,
        "minTurnaroundTime": 0.0001388888888888889,
        "medianTurnaroundTime": 6.691111111111111,
        "maxTurnaroundTime": 207.70111111111112,
        "meanTurnaroundTime": 10.920612596452372
    }
}