{
    "cirrus-cpu-M_archer2-R-20pc": {
        "nJobStart": 42667,
        "minLoad": "1776",
        "maxLoad": "13248",
        "medianLoad": "12599",
        "meanLoad": "10362",
        "usageIncluded": 6620546.3047222225,
        "usageExcluded": 3027951.533333333,
        "usageFraction": 0.7822006503688825,
        "residualWork": 2723451.826388889,
        "minWait": -6.467527777777778e-13,
        "medianWait": 2.3561694444444443,
        "maxWait": 33.38361111111111,
        "meanWait": 5.769355679834598,
        "minTurnaroundTime": 0.0001388888888888889,
        "medianTurnaroundTime": 3.6594444444444445,
        "maxTurnaroundTime": 192.73166666666665,
        "meanTurnaroundTime": 9.201285381954373
    }
}