{
    "cirrus-cpu-M": {
        "nJobStart": 40375,
        "minLoad": "756",
        "maxLoad": "12745",
        "medianLoad": "9776",
        "meanLoad": "8855",
        "usageIncluded": 5657778.0975,
        "usageExcluded": 2390895.5283333333,
        "usageFraction": 0.668452043655482,
        "residualWork": 2293866.2758333334,
        "minWait": -1.0348027777777779e-12,
        "medianWait": 0.08666666666666667,
        "maxWait": 32.74666666666667,
        "meanWait": 4.488420570746061,
        "minTurnaroundTime": 0.0001388888888888889,
        "medianTurnaroundTime": 0.6329166666666667,
        "maxTurnaroundTime": 220.57444444444445,
        "meanTurnaroundTime": 7.889905727230271
    }
}