{
    "cirrus-cpu-M_archer2-R-10pc": {
        "nJobStart": 41528,
        "minLoad": "770",
        "maxLoad": "13248",
        "medianLoad": "10631",
        "meanLoad": "9610",
        "usageIncluded": 6140301.177222222,
        "usageExcluded": 2709572.407222222,
        "usageFraction": 0.7254609141330602,
        "residualWork": 2507756.111666667,
        "minWait": -1.2935027777777777e-13,
        "medianWait": 0.6344083333333334,
        "maxWait": 30.528333333333332,
        "meanWait": 4.592388249914182,
        "minTurnaroundTime": 0.0001388888888888889,
        "medianTurnaroundTime": 1.5329861111111112,
        "maxTurnaroundTime": 204.2711111111111,
        "meanTurnaroundTime": 7.973962887455518
    }
}