{
    "cirrus-cpu-M_archer2-R-90pc": {
        "nJobStart": 38886,
        "minLoad": "7090",
        "maxLoad": "12745",
        "medianLoad": "12713",
        "meanLoad": "12644",
        "usageIncluded": 8078697.695555556,
        "usageExcluded": 7170630.393333334,
        "usageFraction": 0.954477516015543,
        "residualWork": 6178252.015277778,
        "minWait": -1.6168805555555557e-14,
        "medianWait": 101.63944444444445,
        "maxWait": 144.3336111111111,
        "meanWait": 97.10152019650032,
        "minTurnaroundTime": 0.08888888888888889,
        "medianTurnaroundTime": 101.98541666666667,
        "maxTurnaroundTime": 344.85,
        "meanTurnaroundTime": 100.93560391557658
    }
}