{
    "cirrus-cpu-M_archer2-R-30pc": {
        "nJobStart": 43928,
        "minLoad": "1988",
        "maxLoad": "13248",
        "medianLoad": "13159",
        "meanLoad": "11065",
        "usageIncluded": 7069823.873333333,
        "usageExcluded": 3379297.4994444447,
        "usageFraction": 0.8352816485507246,
        "residualWork": 2987933.668611111,
        "minWait": -2.587008333333333e-13,
        "medianWait": 6.811652777777778,
        "maxWait": 36.48361111111111,
        "meanWait": 7.901300640476437,
        "minTurnaroundTime": 0.0001388888888888889,
        "medianTurnaroundTime": 8.775527777777778,
        "maxTurnaroundTime": 199.76055555555556,
        "meanTurnaroundTime": 11.340324805557831
    }
}