{
    "cirrus-cpu-M_archer2-R-70pc": {
        "nJobStart": 42940,
        "minLoad": "5866",
        "maxLoad": "13248",
        "medianLoad": "13217",
        "meanLoad": "13012",
        "usageIncluded": 8313757.531111111,
        "usageExcluded": 5337362.355555556,
        "usageFraction": 0.9822492357172863,
        "residualWork": 4544605.7144444445,
        "minWait": 0.0,
        "medianWait": 55.464444444444446,
        "maxWait": 90.37861111111111,
        "meanWait": 51.98400989235626,
        "minTurnaroundTime": 0.08444444444444445,
        "medianTurnaroundTime": 58.20569444444445,
        "maxTurnaroundTime": 245.76416666666665,
        "meanTurnaroundTime": 55.50121861318118
    }
}