{
    "cirrus-cpu-M_archer2-R-30pc": {
        "nJobStart": 43928,
        "minLoad": "2554",
        "maxLoad": "12745",
        "medianLoad": "12683",
        "meanLoad": "11061",
        "usageIncluded": 7067123.059722222,
        "usageExcluded": 3382202.8133333335,
        "usageFraction": 0.8349625543150073,
        "residualWork": 2990839.2719444446,
        "minWait": -1.2935027777777777e-13,
        "medianWait": 7.852416666666667,
        "maxWait": 36.46666666666667,
        "meanWait": 9.578754409365578,
        "minTurnaroundTime": 0.0001388888888888889,
        "medianTurnaroundTime": 10.611625,
        "maxTurnaroundTime": 214.52388888888888,
        "meanTurnaroundTime": 13.047635431302991
    }
}