{
    "cirrus-cpu-M_archer2-R-10pc": {
        "nJobStart": 41528,
        "minLoad": "1136",
        "maxLoad": "12745",
        "medianLoad": "11310",
        "meanLoad": "9590",
        "usageIncluded": 6127084.781111111,
        "usageExcluded": 2722928.9044444445,
        "usageFraction": 0.7238994306605755,
        "residualWork": 2521112.1575,
        "minWait": -5.174027777777778e-13,
        "medianWait": 2.7173791666666665,
        "maxWait": 34.1325,
        "meanWait": 6.188365763601084,
        "minTurnaroundTime": 0.0001388888888888889,
        "medianTurnaroundTime": 4.722416666666667,
        "maxTurnaroundTime": 207.4177777777778,
        "meanTurnaroundTime": 9.642332383044796
    }
}