{
    "cirrus-cpu-M_archer2-R-40pc": {
        "nJobStart": 44540,
        "minLoad": "3130",
        "maxLoad": "12745",
        "medianLoad": "12715",
        "meanLoad": "11757",
        "usageIncluded": 7511564.613333333,
        "usageExcluded": 3737238.723333333,
        "usageFraction": 0.8874721896660366,
        "residualWork": 3247945.865277778,
        "minWait": -5.174027777777778e-13,
        "medianWait": 12.275,
        "maxWait": 44.14805555555556,
        "meanWait": 12.99230482711882,
        "minTurnaroundTime": 0.0001388888888888889,
        "medianTurnaroundTime": 15.482708333333333,
        "maxTurnaroundTime": 216.27416666666667,
        "meanTurnaroundTime": 16.58392571603677
    }
}