{
    "cirrus-cpu-M_archer2-R-50pc": {
        "nJobStart": 45696,
        "minLoad": "3274",
        "maxLoad": "13248",
        "medianLoad": "13215",
        "meanLoad": "12485",
        "usageIncluded": 7976745.601111111,
        "usageExcluded": 4072265.7505555553,
        "usageFraction": 0.9424321362371351,
        "residualWork": 3478726.2925,
        "minWait": -1.2935027777777777e-13,
        "medianWait": 14.756652777777777,
        "maxWait": 50.18388888888889,
        "meanWait": 16.906868873181885,
        "minTurnaroundTime": 0.0001388888888888889,
        "medianTurnaroundTime": 18.112916666666667,
        "maxTurnaroundTime": 223.10972222222222,
        "meanTurnaroundTime": 20.47786643309407
    }
}