{
    "cirrus-cpu-M_archer2-R-40pc": {
        "nJobStart": 45061,
        "minLoad": "3060",
        "maxLoad": "13248",
        "medianLoad": "13197",
        "meanLoad": "11821",
        "usageIncluded": 7552511.74,
        "usageExcluded": 3696059.578888889,
        "usageFraction": 0.8923099881852552,
        "residualWork": 3206766.5858333334,
        "minWait": -1.2935027777777777e-13,
        "medianWait": 9.005,
        "maxWait": 37.03055555555556,
        "meanWait": 9.65556652550555,
        "minTurnaroundTime": 0.0001388888888888889,
        "medianTurnaroundTime": 10.946055555555557,
        "maxTurnaroundTime": 205.05416666666667,
        "meanTurnaroundTime": 13.154081073322832
    }
}