{
    "cirrus-cpu-M_archer2-R-70pc": {
        "nJobStart": 39922,
        "minLoad": "5866",
        "maxLoad": "12745",
        "medianLoad": "12719",
        "meanLoad": "12538",
        "usageIncluded": 8010808.707777778,
        "usageExcluded": 5640605.569444444,
        "usageFraction": 0.9464566053612686,
        "residualWork": 4847853.868055556,
        "minWait": 0.0,
        "medianWait": 67.25708333333333,
        "maxWait": 103.5663888888889,
        "meanWait": 62.915641887096506,
        "minTurnaroundTime": 0.08444444444444445,
        "medianTurnaroundTime": 69.03097222222222,
        "maxTurnaroundTime": 429.7638888888889,
        "meanTurnaroundTime": 66.65912792306108
    }
}