{
    "cirrus-cpu-M_archer2-R-90pc": {
        "nJobStart": 39415,
        "minLoad": "7090",
        "maxLoad": "13248",
        "medianLoad": "13215",
        "meanLoad": "13121",
        "usageIncluded": 8382888.676111111,
        "usageExcluded": 6866122.852222222,
        "usageFraction": 0.9904169040773997,
        "residualWork": 5869023.404166667,
        "minWait": -3.23375e-14,
        "medianWait": 90.27638888888889,
        "maxWait": 127.59194444444445,
        "meanWait": 84.58507386570257,
        "minTurnaroundTime": 0.08666666666666667,
        "medianTurnaroundTime": 90.92972222222222,
        "maxTurnaroundTime": 350.18055555555554,
        "meanTurnaroundTime": 88.40702863405077
    }
}