{
    "cirrus-cpu-M_archer2-R-100pc": {
        "nJobStart": 39826,
        "minLoad": "9249",
        "maxLoad": "13248",
        "medianLoad": "13213",
        "meanLoad": "13178",
        "usageIncluded": 8419608.460555555,
        "usageExcluded": 7628981.648333333,
        "usageFraction": 0.9947552529011763,
        "residualWork": 6565531.611666666,
        "minWait": -3.23375e-14,
        "medianWait": 105.06222222222222,
        "maxWait": 149.52333333333334,
        "meanWait": 101.31482782395086,
        "minTurnaroundTime": 0.08888888888888889,
        "medianTurnaroundTime": 105.81152777777778,
        "maxTurnaroundTime": 320.6611111111111,
        "meanTurnaroundTime": 105.03068773470152
    }
}