{
    "cirrus-cpu-M_archer2-R-80pc": {
        "nJobStart": 39513,
        "minLoad": "6514",
        "maxLoad": "13248",
        "medianLoad": "13217",
        "meanLoad": "13055",
        "usageIncluded": 8341000.5875,
        "usageExcluded": 6109034.347222222,
        "usageFraction": 0.9854679333057655,
        "residualWork": 5197410.468055556,
        "minWait": 0.0,
        "medianWait": 72.09138888888889,
        "maxWait": 109.90055555555556,
        "meanWait": 68.38861308233295,
        "minTurnaroundTime": 0.08444444444444445,
        "medianTurnaroundTime": 74.97361111111111,
        "maxTurnaroundTime": 561.275,
        "meanTurnaroundTime": 72.22083278147558
    }
}