{
    "cirrus-cpu-M_archer2-R-60pc": {
        "nJobStart": 45577,
        "minLoad": "3994",
        "maxLoad": "13248",
        "medianLoad": "13233",
        "meanLoad": "12949",
        "usageIncluded": 8273160.198888889,
        "usageExcluded": 4581519.7561111115,
        "usageFraction": 0.9774527645190086,
        "residualWork": 3890871.706388889,
        "minWait": -1.6168805555555557e-14,
        "medianWait": 31.93111111111111,
        "maxWait": 70.83527777777778,
        "meanWait": 33.42017290056144,
        "minTurnaroundTime": 0.08444444444444445,
        "medianTurnaroundTime": 36.15833333333333,
        "maxTurnaroundTime": 239.14666666666668,
        "meanTurnaroundTime": 37.00333854545299
    }
}